fecha,dolar
2022-06-01,206
2022-05-31,206
2022-05-30,206.5
2022-05-27,206.5
2022-05-26,207
2022-05-24,208
2022-05-23,206.5
2022-05-20,204
2022-05-19,206
2022-05-17,208
2022-05-16,205
2022-05-13,203.5
2022-05-12,203.5
2022-05-11,205
2022-05-10,202
2022-05-09,201.5
2022-05-06,201
2022-05-05,201.5
2022-05-04,201
2022-05-03,203.5
2022-05-02,201
2022-04-29,200.5
2022-04-28,204
2022-04-27,206.5
2022-04-26,212.5
2022-04-25,205.5
2022-04-22,203
2022-04-21,202
2022-04-20,199.5
2022-04-19,198
2022-04-18,195
2022-04-13,195
2022-04-12,195
2022-04-11,195
2022-04-08,196.5
2022-04-07,196
2022-04-06,196
2022-04-05,196
2022-04-04,199
2022-04-01,200
2022-03-31,200
2022-03-30,201
2022-03-29,200
2022-03-28,200
2022-03-25,202
2022-03-23,201
2022-03-22,201
2022-03-21,202
2022-03-18,202.5
2022-03-17,202
2022-03-16,202
2022-03-15,200
2022-03-14,200
2022-03-11,202
2022-03-10,203
2022-03-09,204.5
2022-03-08,202
2022-03-07,201
2022-03-07,201
2022-03-07,201
2022-03-07,201
2022-03-04,201
2022-03-03,204
2022-03-02,206
2022-02-25,211
2022-02-24,210.5
2022-02-23,210
2022-02-22,210
2022-02-21,211.5
2022-02-18,211
2022-02-17,214
2022-02-16,215
2022-02-15,215
2022-02-14,215
2022-02-11,215.5
2022-02-10,215.5
2022-02-09,217
2022-02-08,215
2022-02-07,214
2022-02-04,214
2022-02-03,216
2022-02-02,216.5
2022-02-01,214
2022-01-31,213
2022-01-28,212.5
2022-01-27,222.5
2022-01-26,221
2022-01-25,219.5
2022-01-24,219
2022-01-21,219
2022-01-20,214
2022-01-19,213
2022-01-18,211
2022-01-17,209
2022-01-14,209.5
2022-01-13,209.5
2022-01-12,208.5
2022-01-11,209
2022-01-10,206
2022-01-07,208
2022-01-06,208.5
2022-01-05,207.5
2022-01-04,206.5
2022-01-03,206
2021-12-30,208
2021-12-29,209
2021-12-28,206
2021-12-27,203.5
2021-12-23,204
2021-12-22,200.5
2021-12-21,199
2021-12-20,200
2021-12-17,200
2021-12-16,198.5
2021-12-15,198.5
2021-12-14,196.5
2021-12-13,195.5
2021-12-10,196.5
2021-12-09,196
2021-12-07,198
2021-12-06,199
2021-12-03,200.5
2021-12-02,200.5
2021-12-01,200.5
2021-11-30,201.5
2021-11-29,201
2021-11-26,201
2021-11-25,201
2021-11-24,200.5
2021-11-23,201
2021-11-19,201.5
2021-11-18,201
2021-11-17,201.5
2021-11-16,200.5
2021-11-15,199.5
2021-11-12,200
2021-11-11,206.5
2021-11-10,205
2021-11-09,199.5
2021-11-08,199
2021-11-05,199
2021-11-04,199
2021-11-03,199
2021-11-02,197.5
2021-11-01,196.5
2021-10-29,197.5
2021-10-28,198
2021-10-27,197
2021-10-26,196
2021-10-25,194
2021-10-22,195
2021-10-21,191
2021-10-20,188
2021-10-19,187
2021-10-18,185.5
2021-10-15,186.5
2021-10-14,185.5
2021-10-13,185
2021-10-12,185
2021-10-07,184.5
2021-10-06,185.5
2021-10-05,185
2021-10-04,185
2021-10-01,186
2021-09-30,186
2021-09-29,187
2021-09-28,187
2021-09-27,186.5
2021-09-24,186
2021-09-23,185
2021-09-22,185
2021-09-21,184
2021-09-20,184
2021-09-17,185
2021-09-16,186
2021-09-15,185
2021-09-14,182.5
2021-09-13,181
2021-09-10,185
2021-09-09,186.5
2021-09-08,187
2021-09-07,183.5
2021-09-06,182
2021-09-03,182
2021-09-02,181
2021-09-01,180.5
2021-08-31,181.5
2021-08-31,181.5
2021-08-31,181.5
2021-08-31,181.5
2021-08-31,181.5
2021-08-31,182
2021-08-31,182
2021-08-30,182
2021-08-27,182
2021-08-26,181.5
2021-08-25,181.5
2021-08-24,182
2021-08-23,182
2021-08-20,182
2021-08-19,181.5
2021-08-18,182
2021-08-17,183
2021-08-13,182
2021-08-12,178.5
2021-08-11,178
2021-08-10,178
2021-08-09,179
2021-08-06,178.5
2021-08-05,179.5
2021-08-05,180.5
2021-08-05,180.5
2021-08-04,180.5
2021-08-03,180.5
2021-08-03,180.5
2021-08-02,180.5
2021-08-02,180.5
2021-08-02,180.5
2021-08-02,180.5
2021-07-30,180.5
2021-07-29,180
2021-07-28,180
2021-07-27,183
2021-07-26,184
2021-07-26,185
2021-07-23,185
2021-07-23,184.5
2021-07-22,184.5
2021-07-21,182.5
2021-07-20,182
2021-07-19,180
2021-07-16,179
2021-07-15,178
2021-07-14,177
2021-07-13,176
2021-07-12,177
2021-07-08,174
2021-07-07,172
2021-07-06,171
2021-07-05,171
2021-07-02,170
2021-07-01,169
2021-06-30,168
2021-06-29,170
2021-06-28,173
2021-06-25,174
2021-06-24,170
2021-06-23,166
2021-06-22,165
2021-06-18,164
2021-06-17,163
2021-06-16,163
2021-06-15,160
2021-06-14,158
2021-06-11,158
2021-06-10,157
2021-06-09,156
2021-06-08,156
2021-06-07,157
2021-06-04,157
2021-06-03,156
2021-06-02,156
2021-06-01,155
2021-05-31,157
2021-05-28,157
2021-05-27,157
2021-05-26,155
2021-05-24,153
2021-05-21,153
2021-05-20,155
2021-05-19,156
2021-05-18,156
2021-05-17,153
2021-05-14,153
2021-05-13,151
2021-05-12,152
2021-05-11,151
2021-05-10,152
2021-05-07,151
2021-05-06,151
2021-05-05,151
2021-05-04,154
2021-05-03,153
2021-04-30,150
2021-04-29,154
2021-04-28,162
2021-04-27,161
2021-04-26,158
2021-04-23,152
2021-04-22,147
2021-04-21,144
2021-04-20,143
2021-04-19,143
2021-04-16,142
2021-04-15,143
2021-04-14,143
2021-04-13,142
2021-04-12,142
2021-04-09,140
2021-04-08,140
2021-04-07,139
2021-04-06,140
2021-04-05,140
2021-03-31,141
2021-03-30,141
2021-03-29,142
2021-03-26,142
2021-03-25,143
2021-03-23,143
2021-03-22,143
2021-03-22,143
2021-03-22,144
2021-03-19,144
2021-03-18,144
2021-03-17,144
2021-03-16,144
2021-03-15,146
2021-03-12,142
2021-03-11,140
2021-03-10,143
2021-03-09,144
2021-03-08,144
2021-03-05,144
2021-03-04,144
2021-03-03,145
2021-03-02,145
2021-03-01,147
2021-03-01,146
2021-03-01,146
2021-02-26,146
2021-02-25,143
2021-02-24,145
2021-02-23,146
2021-02-22,147
2021-02-19,147
2021-02-18,148
2021-02-17,149
2021-02-12,150
2021-02-11,149
2021-02-10,151
2021-02-09,152
2021-02-08,151
2021-02-08,151
2021-02-08,151
2021-02-08,151
2021-02-05,151
2021-02-04,150
2021-02-03,153
2021-02-02,153
2021-02-01,153
2021-01-29,153
2021-01-28,154
2021-01-27,154
2021-01-26,156
2021-01-25,156
2021-01-22,156
2021-01-22,156
2021-01-21,156
2021-01-20,156
2021-01-19,157
2021-01-15,159
2021-01-14,159
2021-01-13,160
2021-01-12,159
2021-01-11,159
2021-01-08,161
2021-01-07,162
2021-01-06,160
2021-01-05,160
2021-01-04,165
2020-12-30,166
2020-12-29,165
2020-12-28,164
2020-12-23,159
2020-12-22,152
2020-12-22,151
2020-12-21,150
2020-12-18,150
2020-12-17,149
2020-12-16,150
2020-12-15,151
2020-12-14,151
2020-12-11,148
2020-12-10,146
2020-12-09,149
2020-12-04,150
2020-12-03,151
2020-12-02,153
2020-12-01,153
2020-11-30,155
2020-11-27,156
2020-11-26,157
2020-11-25,158
2020-11-24,160
2020-11-20,161
2020-11-19,163
2020-11-18,164
2020-11-17,163
2020-11-16,162
2020-11-13,172
2020-11-12,167
2020-11-11,162
2020-11-10,149
2020-11-09,151
2020-11-06,157
2020-11-05,157
2020-11-04,161
2020-11-03,165
2020-11-02,168
2020-10-30,169
2020-10-29,175
2020-10-28,178
2020-10-27,181
2020-10-26,190
2020-10-23,195
2020-10-22,190
2020-10-21,183
2020-10-20,180
2020-10-19,181
2020-10-16,178
2020-10-15,171
2020-10-14,167
2020-10-13,166
2020-10-09,167
2020-10-08,158
2020-10-07,155
2020-10-06,152
2020-10-05,150
2020-10-02,150
2020-10-01,147
2020-09-30,146
2020-09-29,146
2020-09-28,145
2020-09-25,145
2020-09-24,147
2020-09-23,145
2020-09-22,144
2020-09-21,141
2020-09-18,140
2020-09-17,141
2020-09-16,145
2020-09-15,131
2020-09-14,132
2020-09-11,131
2020-09-10,131
2020-09-09,131
2020-09-08,131
2020-09-07,131
2020-09-04,132
2020-09-03,134
2020-09-02,133
2020-09-01,133
2020-08-31,135
2020-08-28,136
2020-08-27,138
2020-08-26,137
2020-08-25,137
2020-08-24,137
2020-08-21,138
2020-08-20,136
2020-08-19,134
2020-08-18,132
2020-08-17,132
2020-08-14,132
2020-08-13,133
2020-08-12,132
2020-08-11,131
2020-08-10,131
2020-08-07,133
2020-08-07,132
2020-08-07,132
2020-08-07,132
2020-08-06,132
2020-08-06,130
2020-08-05,129
2020-08-04,128
2020-08-03,136
2020-07-31,136
2020-07-30,136
2020-07-29,135
2020-07-28,135
2020-07-27,136
2020-07-24,139
2020-07-23,136
2020-07-22,133
2020-07-21,132
2020-07-20,130
2020-07-17,130
2020-07-16,130
2020-07-15,127
2020-07-14,127
2020-07-13,127
2020-07-10,127
2020-07-10,127
2020-07-08,127
2020-07-07,127
2020-07-06,127
2020-07-03,127
2020-07-02,129
2020-07-01,128
2020-06-30,126
2020-06-29,129
2020-06-26,129
2020-06-25,128
2020-06-24,128
2020-06-23,127
2020-06-22,127
2020-06-19,128
2020-06-18,127
2020-06-17,124
2020-06-16,125
2020-06-12,126
2020-06-11,123
2020-06-10,124
2020-06-09,124
2020-06-08,125
2020-06-05,125
2020-06-04,123
2020-06-03,123
2020-06-02,124
2020-06-01,128
2020-05-29,125
2020-05-28,124
2020-05-27,127
2020-05-26,129
2020-05-22,126
2020-05-21,125
2020-05-20,124
2020-05-19,124
2020-05-18,128
2020-05-15,138
2020-05-14,138
2020-05-13,133
2020-05-12,127
2020-05-11,124.5
2020-05-08,122
2020-05-07,122
2020-05-06,122
2020-05-05,120
2020-05-04,120
2020-04-30,118
2020-04-29,121
2020-04-28,120
2020-04-27,118
2020-04-24,117
2020-04-23,120
2020-04-22,110
2020-04-21,107
2020-04-20,105
2020-04-17,105
2020-04-16,100
2020-04-15,96
2020-04-14,90
2020-04-13,89.25
2020-04-08,85
2020-04-07,85
2020-04-06,85
2020-04-03,83.5
2020-04-02,83.5
2020-04-01,83.5
2020-03-30,83.5
2020-03-27,83.5
2020-03-26,84.5
2020-03-25,84.5
2020-03-20,85.5
2020-03-19,85.5
2020-03-18,89.25
2020-03-17,86.5
2020-03-16,85
2020-03-13,83.75
2020-03-12,83
2020-03-11,80
2020-03-10,79.75
2020-03-09,79.5
2020-03-06,78.5
2020-03-05,78.5
2020-03-04,78.5
2020-03-03,78.5
2020-03-02,78.5
2020-02-28,78.5
2020-02-27,78.5
2020-02-26,78.7
2020-02-21,78.8
2020-02-20,78.8
2020-02-19,78.9
2020-02-18,78.7
2020-02-17,78
2020-02-14,77.9
2020-02-13,78.9
2020-02-12,78.25
2020-02-11,77.5
2020-02-10,77
2020-02-07,77.5
2020-02-06,77.5
2020-02-05,78
2020-02-04,78
2020-02-03,78
2020-01-31,78
2020-01-30,78
2020-01-29,78.25
2020-01-28,78.25
2020-01-27,78
2020-01-24,78.5
2020-01-23,77.75
2020-01-22,77.75
2020-01-21,77.5
2020-01-20,78
2020-01-17,77.75
2020-01-16,77.75
2020-01-15,78
2020-01-14,77.5
2020-01-13,76.5
2020-01-10,76.5
2020-01-09,76.5
2020-01-08,76.5
2020-01-07,76.25
2020-01-06,77.25
2020-01-03,77
2020-01-02,77
2019-12-30,78.5
2019-12-27,78.5
2019-12-26,80
2019-12-23,76.75
2019-12-20,75
2019-12-19,75.75
2019-12-18,76
2019-12-17,74
2019-12-16,72.5
2019-12-13,66.75
2019-12-12,66.5
2019-12-11,68.5
2019-12-10,69.5
2019-12-09,70
2019-12-06,71
2019-12-05,70
2019-12-04,69
2019-12-03,68.5
2019-12-02,68.25
2019-11-29,69.25
2019-11-28,69.75
2019-11-27,69.25
2019-11-26,68.25
2019-11-25,68
2019-11-22,68.5
2019-11-21,66.75
2019-11-20,66.75
2019-11-19,66.5
2019-11-15,66.75
2019-11-14,66.75
2019-11-13,66.75
2019-11-12,65.5
2019-11-11,64.5
2019-11-08,65.25
2019-11-07,64
2019-11-06,65
2019-11-05,64.5
2019-11-04,65.5
2019-11-01,67.5
2019-10-31,69
2019-10-30,67
2019-10-29,67
2019-10-28,74
2019-10-25,75.75
2019-10-24,69.75
2019-10-23,69.75
2019-10-22,67.25
2019-10-21,66.25
2019-10-18,65.25
2019-10-17,67.5
2019-10-16,64.5
2019-10-15,63.5
2019-10-11,63.5
2019-10-10,63
2019-10-09,61.75
2019-10-08,61.5
2019-10-07,61.25
2019-10-04,61.25
2019-10-03,61
2019-10-02,61.5
2019-10-01,60.75
2019-09-30,61.25
2019-09-27,61.5
2019-09-26,62
2019-09-25,61.75
2019-09-24,61.75
2019-09-23,62.25
2019-09-20,62.75
2019-09-19,63
2019-09-18,62.75
2019-09-17,62
2019-09-16,61.5
2019-09-13,61.5
2019-09-12,60
2019-09-11,59
2019-09-10,58.75
2019-09-09,59
2019-09-06,59
2019-09-05,59
2019-09-04,59
2019-09-03,61
2019-09-02,63.5
2019-08-30,63
2019-08-29,60.75
2019-08-28,60.5
2019-08-27,59
2019-08-26,57.5
2019-08-23,58
2019-08-22,58
2019-08-21,58.5
2019-08-20,58
2019-08-16,59
2019-08-15,59
2019-08-14,62
2019-08-13,57
2019-08-12,57
2019-08-09,46.9
2019-08-08,46.72
2019-08-07,46.5
2019-08-06,46.4
2019-08-05,46.6
2019-08-02,45.9
2019-08-01,45.43
2019-07-31,45.2
2019-07-30,45.15
2019-07-29,45.15
2019-07-26,44.95
2019-07-25,44.95
2019-07-24,44.6
2019-07-23,44.25
2019-07-22,44.05
2019-07-19,43.95
2019-07-18,43.95
2019-07-17,44.2
2019-07-16,44.45
2019-07-15,43.75
2019-07-12,43.25
2019-07-11,43.2
2019-07-10,42.8
2019-07-05,42.9
2019-07-04,42.9
2019-07-03,43.05
2019-07-02,43.5
2019-07-01,43.45
2019-06-28,43.8
2019-06-27,44.2
2019-06-26,44.2
2019-06-25,44.1
2019-06-24,44.44
2019-06-21,44.5
2019-06-19,44.9
2019-06-18,45.15
2019-06-14,45.2
2019-06-13,45.3
2019-06-12,45.3
2019-06-11,45.5
2019-06-10,45.5
2019-06-07,45.7
2019-06-06,45.65
2019-06-05,45.6
2019-06-04,46
2019-06-03,46.1
2019-05-31,46
2019-05-30,45.9
2019-05-29,46.2
2019-05-28,46.2
2019-05-27,46.15
2019-05-24,46.15
2019-05-23,46.2
2019-05-22,46.1
2019-05-21,46.25
2019-05-20,46.35
2019-05-17,46.1
2019-05-16,46
2019-05-15,46
2019-05-14,46
2019-05-13,46
2019-05-10,46
2019-05-09,46
2019-05-08,46
2019-05-07,46
2019-05-06,46.5
2019-05-03,45.75
2019-05-02,46.25
2019-04-30,46
2019-04-29,45.07
2019-04-26,46.1
2019-04-25,46
2019-04-24,44.5
2019-04-23,44.15
2019-04-22,44.35
2019-04-17,43.45
2019-04-16,43.8
2019-04-15,43.5
2019-04-12,43.65
2019-04-11,44
2019-04-10,44
2019-04-09,44
2019-04-08,44
2019-04-05,44
2019-04-04,43.65
2019-04-03,43.5
2019-04-01,43.5
2019-03-29,43.65
2019-03-28,43.8
2019-03-27,44
2019-03-26,42.55
2019-03-25,41.9
2019-03-22,41.75
2019-03-21,41.25
2019-03-20,41.25
2019-03-19,41.25
2019-03-18,41
2019-03-15,41
2019-03-14,41
2019-03-13,41.5
2019-03-12,41.25
2019-03-11,41
2019-03-08,41
2019-03-07,42.5
2019-03-06,40.5
2019-03-01,39
2019-02-28,39
2019-02-27,39
2019-02-26,39.25
2019-02-25,38.75
2019-02-22,38.75
2019-02-21,39.25
2019-02-20,39.75
2019-02-19,39
2019-02-18,38.75
2019-02-15,38.75
2019-02-14,38.5
2019-02-13,38.25
2019-02-12,38
2019-02-11,38
2019-02-08,37.5
2019-02-07,37.75
2019-02-06,37.25
2019-02-05,37.3
2019-02-04,37.5
2019-02-01,37.75
2019-01-31,37.5
2019-01-30,38.25
2019-01-29,38.5
2019-01-28,38.25
2019-01-25,38.25
2019-01-24,38.5
2019-01-23,39
2019-01-22,38.75
2019-01-21,38.75
2019-01-18,39
2019-01-17,39
2019-01-16,39.25
2019-01-15,39.25
2019-01-14,39
2019-01-11,39.25
2019-01-10,39.25
2019-01-09,39.75
2019-01-08,39.25
2019-01-07,39.5
2019-01-04,40
2019-01-03,40.25
2019-01-02,40.5
2018-12-28,40.5
2018-12-27,40
2018-12-26,39.75
2018-12-21,39
2018-12-20,39
2018-12-19,39
2018-12-18,38.5
2018-12-17,38.5
2018-12-14,37.65
2018-12-13,37.65
2018-12-12,37.5
2018-12-11,37.5
2018-12-10,37.5
2018-12-07,37.5
2018-12-06,37.5
2018-12-05,37
2018-12-04,37
2018-12-03,37
2018-11-29,38
2018-11-28,38
2018-11-27,38.5
2018-11-26,39
2018-11-23,37.5
2018-11-22,36.5
2018-11-21,36.3
2018-11-20,36.26
2018-11-16,36.06
2018-11-15,36.09
2018-11-14,36
2018-11-13,36
2018-11-12,35.25
2018-11-09,35.5
2018-11-08,35.5
2018-11-07,35.5
2018-11-05,35.6
2018-11-02,36.25
2018-11-01,36.25
2018-10-31,36.5
2018-10-30,37
2018-10-29,37
2018-10-26,37.25
2018-10-25,37.2
2018-10-24,37.2
2018-10-23,37.3
2018-10-22,37.25
2018-10-19,37.75
2018-10-18,37.75
2018-10-17,37.7
2018-10-16,37.8
2018-10-12,37.8
2018-10-11,38
2018-10-10,38
2018-10-09,38
2018-10-08,38
2018-10-05,38.5
2018-10-04,38.8
2018-10-03,39
2018-10-02,38.5
2018-10-01,40
2018-09-28,41.3
2018-09-27,40.5
2018-09-26,39.25
2018-09-25,40
2018-09-24,38.25
2018-09-21,38.25
2018-09-20,39
2018-09-19,39.5
2018-09-18,39.75
2018-09-17,40.35
2018-09-14,40
2018-09-13,39.5
2018-09-12,38.5
2018-09-11,38.25
2018-09-10,37.7
2018-09-07,37.5
2018-09-06,38.6
2018-09-05,39.2
2018-09-04,40
2018-09-03,38.7
2018-08-31,38
2018-08-30,40
2018-08-29,35
2018-08-28,33
2018-08-27,32.2
2018-08-24,31.35
2018-08-23,30.95
2018-08-22,30.8
2018-08-21,30.5
2018-08-17,30.2
2018-08-16,30.1
2018-08-15,30.5
2018-08-14,30.5
2018-08-13,30.5
2018-08-10,29.5
2018-08-09,28.5
2018-08-08,28.3
2018-08-07,28.3
2018-08-06,28.3
2018-08-03,28.35
2018-08-02,28.4
2018-08-01,28.45
2018-07-31,28.45
2018-07-30,28.65
2018-07-27,28.7
2018-07-26,28.7
2018-07-25,28.7
2018-07-24,28.7
2018-07-23,28.8
2018-07-20,28.9
2018-07-19,28.65
2018-07-18,28.65
2018-07-17,28.8
2018-07-16,28.85
2018-07-13,28.68
2018-07-12,28.4
2018-07-11,28.5
2018-07-10,28.5
2018-07-06,28.9
2018-07-05,28.9
2018-07-04,28.95
2018-07-03,29
2018-07-02,29.3
2018-06-29,29.4
2018-06-28,28.5
2018-06-27,28.3
2018-06-26,28.3
2018-06-25,28.3
2018-06-22,28.1
2018-06-21,28.5
2018-06-19,28.5
2018-06-18,28.5
2018-06-15,28.7
2018-06-14,28.7
2018-06-13,27
2018-06-12,26.7
2018-06-11,26.3
2018-06-08,26.2
2018-06-07,25.65
2018-06-06,25.55
2018-06-05,25.9
2018-06-04,26
2018-06-01,26
2018-05-31,25.97
2018-05-30,25.9
2018-05-29,25.85
2018-05-28,25.85
2018-05-24,25.75
2018-05-23,25.49
2018-05-22,25.4
2018-05-21,25.4
2018-05-18,25.4
2018-05-17,25.2
2018-05-16,25
2018-05-15,24.8
2018-05-14,26.8
2018-05-11,24.25
2018-05-10,23.55
2018-05-09,23.5
2018-05-08,23
2018-05-07,22.5
2018-05-04,22.2
2018-05-03,23.5
2018-05-02,21.5
2018-04-27,21
2018-04-26,20.85
2018-04-25,20.56
2018-04-24,20.59
2018-04-23,20.57
2018-04-20,20.58
2018-04-19,20.55
2018-04-18,20.63
2018-04-17,20.7
2018-04-16,20.7
2018-04-13,20.7
2018-04-12,20.7
2018-04-11,20.7
2018-04-10,20.61
2018-04-09,20.61
2018-04-06,20.64
2018-04-05,20.65
2018-04-04,20.6
2018-04-03,20.82
2018-03-28,20.76
2018-03-27,20.76
2018-03-26,20.88
2018-03-23,20.94
2018-03-22,20.9
2018-03-21,20.98
2018-03-20,20.97
2018-03-19,20.92
2018-03-16,20.89
2018-03-15,20.82
2018-03-14,20.75
2018-03-13,20.67
2018-03-12,20.6
2018-03-09,20.61
2018-03-08,20.65
2018-03-07,20.68
2018-03-06,20.65
2018-03-05,20.55
2018-03-02,20.5
2018-03-01,20.4
2018-02-28,20.35
2018-02-27,20.4
2018-02-26,20.4
2018-02-23,20.35
2018-02-22,20.31
2018-02-21,20.3
2018-02-20,20.16
2018-02-19,20.23
2018-02-16,20.15
2018-02-15,20.12
2018-02-14,20.2
2018-02-09,20.23
2018-02-08,19.93
2018-02-07,19.85
2018-02-06,19.89
2018-02-05,19.92
2018-02-02,19.92
2018-02-01,19.93
2018-01-31,19.95
2018-01-30,20.04
2018-01-29,20.03
2018-01-26,19.98
2018-01-25,19.96
2018-01-24,20.03
2018-01-23,19.88
2018-01-22,19.8
2018-01-19,19.69
2018-01-18,19.64
2018-01-17,19.62
2018-01-16,19.6
2018-01-15,19.61
2018-01-12,19.54
2018-01-11,19.41
2018-01-10,19.32
2018-01-09,19.54
2018-01-08,19.58
2018-01-05,19.45
2018-01-04,19.41
2018-01-03,19.29
2018-01-02,19.25
2017-12-29,19.28
2017-12-28,19.55
2017-12-27,19.05
2017-12-26,18.9
2017-12-22,18.47
2017-12-21,18.23
2017-12-20,18.06
2017-12-19,18.14
2017-12-18,18.25
2017-12-15,18.09
2017-12-14,17.96
2017-12-13,17.93
2017-12-12,17.95
2017-12-11,17.93
2017-12-07,17.88
2017-12-06,17.95
2017-12-05,17.96
2017-12-04,18.07
2017-12-01,18.01
2017-11-30,17.96
2017-11-29,18.12
2017-11-28,18.14
2017-11-27,18.11
2017-11-24,18.07
2017-11-23,18.1
2017-11-22,18.14
2017-11-21,18.12
2017-11-17,18.09
2017-11-16,18.06
2017-11-15,18.06
2017-11-14,18.07
2017-11-13,18.08
2017-11-10,17.98
2017-11-09,17.95
2017-11-08,17.9
2017-11-07,18
2017-11-03,18.01
2017-11-02,18.03
2017-11-01,18.03
2017-10-31,18.1
2017-10-30,18.15
2017-10-27,18.12
2017-10-26,18.08
2017-10-25,18.1
2017-10-24,18.14
2017-10-23,18.07
2017-10-20,18.01
2017-10-19,17.98
2017-10-18,18.05
2017-10-17,18.02
2017-10-13,17.9
2017-10-12,17.89
2017-10-11,17.85
2017-10-10,17.86
2017-10-09,17.87
2017-10-06,17.78
2017-10-05,17.8
2017-10-04,17.82
2017-10-03,17.9
2017-10-02,17.96
2017-09-29,17.91
2017-09-28,17.97
2017-09-27,17.99
2017-09-26,18.05
2017-09-25,17.97
2017-09-22,17.95
2017-09-21,17.95
2017-09-20,17.97
2017-09-19,17.95
2017-09-18,17.92
2017-09-15,17.84
2017-09-14,17.86
2017-09-13,17.85
2017-09-12,17.88
2017-09-11,17.94
2017-09-08,17.88
2017-09-07,17.83
2017-09-06,17.95
2017-09-05,17.99
2017-09-04,18.1
2017-09-01,18.15
2017-08-31,18.23
2017-08-30,18.26
2017-08-29,18.29
2017-08-28,18.31
2017-08-25,18.28
2017-08-24,18.26
2017-08-23,18.3
2017-08-22,18.32
2017-08-18,18.3
2017-08-17,18.35
2017-08-16,18.3
2017-08-15,18.15
2017-08-14,18.1
2017-08-11,18.48
2017-08-10,18.48
2017-08-09,18.41
2017-08-08,18.4
2017-08-07,18.19
2017-08-04,18.15
2017-08-03,18.18
2017-08-02,18.26
2017-08-01,18.09
2017-07-31,18.09
2017-07-28,18.43
2017-07-27,18.42
2017-07-26,18.27
2017-07-25,18.14
2017-07-24,18.05
2017-07-21,17.96
2017-07-20,17.84
2017-07-19,17.82
2017-07-18,17.84
2017-07-17,17.72
2017-07-14,17.57
2017-07-13,17.6
2017-07-12,17.5
2017-07-11,17.42
2017-07-10,17.3
2017-07-07,17.2
2017-07-06,17.25
2017-07-05,17.21
2017-07-04,16.96
2017-07-03,16.91
2017-06-30,16.84
2017-06-29,16.71
2017-06-28,16.67
2017-06-27,16.72
2017-06-26,16.67
2017-06-23,16.56
2017-06-22,16.53
2017-06-21,16.7
2017-06-19,16.64
2017-06-16,16.53
2017-06-15,16.49
2017-06-14,16.51
2017-06-13,16.41
2017-06-12,16.41
2017-06-09,16.35
2017-06-08,16.34
2017-06-07,16.36
2017-06-06,16.38
2017-06-05,16.34
2017-06-02,16.32
2017-06-01,16.3
2017-05-31,16.39
2017-05-30,16.45
2017-05-29,16.41
2017-05-26,16.34
2017-05-24,16.29
2017-05-23,16.28
2017-05-22,16.22
2017-05-19,16.11
2017-05-18,16.2
2017-05-17,16.06
2017-05-16,16.05
2017-05-15,15.97
2017-05-12,15.93
2017-05-11,15.92
2017-05-10,15.94
2017-05-09,15.95
2017-05-08,16.01
2017-05-05,15.91
2017-05-04,15.91
2017-05-03,15.89
2017-05-02,15.97
2017-04-28,15.99
2017-04-27,15.95
2017-04-26,16.06
2017-04-25,16.1
2017-04-24,16.12
2017-04-21,16.09
2017-04-20,16.09
2017-04-19,16.1
2017-04-18,15.87
2017-04-17,15.91
2017-04-12,15.69
2017-04-11,15.69
2017-04-10,15.63
2017-04-07,15.69
2017-04-06,15.87
2017-04-05,15.87
2017-04-04,15.88
2017-04-03,15.99
2017-03-31,15.98
2017-03-30,15.89
2017-03-29,15.9
2017-03-28,16.07
2017-03-27,16.11
2017-03-23,16.09
2017-03-22,16.08
2017-03-21,16.13
2017-03-20,16.2
2017-03-17,16.07
2017-03-16,16.04
2017-03-15,16.06
2017-03-14,16.07
2017-03-13,16.08
2017-03-10,16.04
2017-03-09,16.02
2017-03-08,16.02
2017-03-07,16.09
2017-03-06,16.1
2017-03-03,16.07
2017-03-02,16.02
2017-03-01,16.24
2017-02-24,16.28
2017-02-23,16.26
2017-02-22,16.35
2017-02-21,16.42
2017-02-20,16.49
2017-02-17,16.48
2017-02-16,16.28
2017-02-15,16.32
2017-02-14,16.41
2017-02-13,16.45
2017-02-10,16.43
2017-02-09,16.43
2017-02-08,16.48
2017-02-07,16.49
2017-02-06,16.48
2017-02-03,16.48
2017-02-02,16.51
2017-02-01,16.61
2017-01-31,16.64
2017-01-30,16.7
2017-01-27,16.8
2017-01-26,16.8
2017-01-25,16.85
2017-01-24,16.87
2017-01-23,16.88
2017-01-20,16.86
2017-01-19,16.89
2017-01-18,16.88
2017-01-17,16.85
2017-01-16,16.81
2017-01-13,16.79
2017-01-12,16.82
2017-01-11,16.81
2017-01-10,16.85
2017-01-09,16.88
2017-01-06,16.86
2017-01-05,16.87
2017-01-04,16.96
2017-01-03,17.11
2017-01-02,16.99
2016-12-30,16.87
2016-12-29,16.95
2016-12-28,16.8
2016-12-27,16.77
2016-12-26,16.85
2016-12-23,16.66
2016-12-22,16.64
2016-12-21,16.58
2016-12-20,16.58
2016-12-19,16.74
2016-12-16,16.69
2016-12-15,16.66
2016-12-14,16.43
2016-12-13,16.36
2016-12-12,16.34
2016-12-07,16.3
2016-12-06,16.18
2016-12-05,16.28
2016-12-02,16.35
2016-12-01,16.25
2016-11-30,16.15
2016-11-29,16.1
2016-11-25,16.09
2016-11-24,16.03
2016-11-23,15.95
2016-11-22,15.82
2016-11-21,15.82
2016-11-18,15.85
2016-11-17,15.8
2016-11-16,15.8
2016-11-15,15.85
2016-11-14,15.9
2016-11-11,15.45
2016-11-10,15.35
2016-11-09,15.38
2016-11-08,15.42
2016-11-07,15.47
2016-11-04,15.42
2016-11-03,15.37
2016-11-02,15.4
2016-11-01,15.43
2016-10-31,15.56
2016-10-28,15.57
2016-10-27,15.5
2016-10-26,15.58
2016-10-25,15.61
2016-10-24,15.62
2016-10-21,15.56
2016-10-20,15.58
2016-10-19,15.63
2016-10-18,15.64
2016-10-17,15.67
2016-10-14,15.6
2016-10-13,15.55
2016-10-12,15.53
2016-10-11,15.59
2016-10-07,15.55
2016-10-06,15.57
2016-10-05,15.6
2016-10-04,15.57
2016-10-03,15.66
2016-09-30,15.71
2016-09-29,15.74
2016-09-28,15.76
2016-09-27,15.78
2016-09-26,15.8
2016-09-23,15.72
2016-09-22,15.7
2016-09-21,15.68
2016-09-20,15.76
2016-09-19,15.6
2016-09-16,15.5
2016-09-15,15.42
2016-09-14,15.41
2016-09-13,15.37
2016-09-12,15.41
2016-09-09,15.38
2016-09-08,15.38
2016-09-07,15.3
2016-09-06,15.36
2016-09-05,15.38
2016-09-02,15.39
2016-09-01,15.28
2016-08-31,15.41
2016-08-30,15.49
2016-08-29,15.51
2016-08-26,15.49
2016-08-25,15.49
2016-08-24,15.51
2016-08-23,15.5
2016-08-22,15.46
2016-08-19,15.42
2016-08-18,15.44
2016-08-17,15.43
2016-08-16,15.37
2016-08-12,15.34
2016-08-11,15.3
2016-08-10,15.3
2016-08-09,15.35
2016-08-08,15.33
2016-08-05,15.24
2016-08-04,15.33
2016-08-03,15.32
2016-08-02,15.34
2016-08-01,15.49
2016-07-29,15.47
2016-07-28,15.52
2016-07-27,15.55
2016-07-26,15.53
2016-07-25,15.57
2016-07-22,15.43
2016-07-21,15.33
2016-07-20,15.37
2016-07-19,15.23
2016-07-18,15.39
2016-07-15,15.26
2016-07-14,15.11
2016-07-13,15.06
2016-07-12,15.09
2016-07-11,15.03
2016-07-07,14.9
2016-07-06,14.91
2016-07-05,15
2016-07-04,15.09
2016-07-01,15.05
2016-06-30,15.05
2016-06-29,15.02
2016-06-28,15.02
2016-06-27,15.32
2016-06-24,15.02
2016-06-23,14.75
2016-06-22,14.56
2016-06-21,14.46
2016-06-16,14.42
2016-06-15,14.46
2016-06-14,14.41
2016-06-13,14.41
2016-06-10,14.31
2016-06-09,14.31
2016-06-08,14.23
2016-06-07,14.19
2016-06-06,14.16
2016-06-03,14.28
2016-06-02,14.36
2016-06-01,14.43
2016-05-31,14.51
2016-05-30,14.64
2016-05-27,14.67
2016-05-26,14.67
2016-05-24,14.66
2016-05-23,14.67
2016-05-20,14.67
2016-05-19,14.69
2016-05-18,14.71
2016-05-17,14.66
2016-05-16,14.68
2016-05-13,14.63
2016-05-12,14.7
2016-05-11,14.6
2016-05-10,14.53
2016-05-09,14.53
2016-05-06,14.54
2016-05-05,14.58
2016-05-04,14.67
2016-05-03,14.66
2016-05-02,14.66
2016-04-29,14.66
2016-04-28,14.71
2016-04-27,14.74
2016-04-26,14.79
2016-04-25,14.85
2016-04-22,14.88
2016-04-21,14.8
2016-04-20,14.68
2016-04-19,14.73
2016-04-18,14.81
2016-04-15,14.94
2016-04-14,14.98
2016-04-13,14.92
2016-04-12,15.01
2016-04-11,14.96
2016-04-08,14.91
2016-04-07,14.95
2016-04-06,14.98
2016-04-05,15.1
2016-04-04,15.19
2016-04-01,15.21
2016-03-31,15.26
2016-03-30,15.3
2016-03-29,15.39
2016-03-28,15.43
2016-03-23,15.3
2016-03-22,15.34
2016-03-21,15.39
2016-03-18,15.56
2016-03-17,15.58
2016-03-16,15.42
2016-03-15,15.35
2016-03-14,15.61
2016-03-11,15.6
2016-03-10,15.71
2016-03-09,15.72
2016-03-08,15.74
2016-03-07,15.73
2016-03-04,15.72
2016-03-03,15.71
2016-03-02,15.9
2016-03-01,15.95
2016-02-29,15.61
2016-02-26,15.65
2016-02-25,15.66
2016-02-24,15.58
2016-02-23,15.43
2016-02-22,15.42
2016-02-19,15.33
2016-02-18,15.35
2016-02-17,15.32
2016-02-16,15.08
2016-02-15,15
2016-02-12,14.95
2016-02-11,14.66
2016-02-10,14.43
2016-02-05,14.41
2016-02-04,14.4
2016-02-03,14.39
2016-02-02,14.3
2016-02-01,14.4
2016-01-29,14.27
2016-01-28,14.29
2016-01-27,14.37
2016-01-26,14.36
2016-01-25,14.35
2016-01-22,14.35
2016-01-21,14.36
2016-01-20,14.35
2016-01-19,14.37
2016-01-18,14.37
2016-01-15,14.38
2016-01-14,14.41
2016-01-13,14.4
2016-01-12,14.38
2016-01-11,14.44
2016-01-08,14.45
2016-01-07,14.44
2016-01-06,14.43
2016-01-05,14.29
2016-01-04,14.2
2015-12-31,14.32
2015-12-30,14.32
2015-12-29,14.41
2015-12-28,14.32
2015-12-24,14.1
2015-12-23,14.1
2015-12-22,13.92
2015-12-21,13.9
2015-12-18,14.2
2015-12-17,14.36
2015-12-16,14.57
2015-12-15,14.54
2015-12-14,14.69
2015-12-11,14.86
2015-12-10,14.77
2015-12-09,14.73
2015-12-04,14.81
2015-12-03,14.73
2015-12-02,14.8
2015-12-01,14.49
2015-11-30,14.74
2015-11-26,14.96
2015-11-25,15.12
2015-11-24,15.24
2015-11-23,15.19
2015-11-20,15.07
2015-11-19,15.2
2015-11-18,15.41
2015-11-17,15.35
2015-11-16,15.1
2015-11-13,15.05
2015-11-12,15.27
2015-11-11,15.33
2015-11-10,14.7
2015-11-09,14.45
2015-11-05,15.14
2015-11-04,15.46
2015-11-03,15.51
2015-11-02,15.63
2015-10-30,15.75
2015-10-29,15.77
2015-10-28,15.9
2015-10-27,15.85
2015-10-26,15.81
2015-10-23,16.05
2015-10-22,16.03
2015-10-21,15.88
2015-10-20,16.03
2015-10-19,16.11
2015-10-16,15.94
2015-10-15,15.83
2015-10-14,15.82
2015-10-13,15.83
2015-10-09,15.83
2015-10-08,15.77
2015-10-07,15.75
2015-10-06,15.74
2015-10-05,15.8
2015-10-02,15.89
2015-10-01,15.88
2015-09-30,15.99
2015-09-29,16
2015-09-28,16.01
2015-09-25,16.06
2015-09-24,16.01
2015-09-23,15.93
2015-09-22,15.94
2015-09-21,15.9
2015-09-18,15.86
2015-09-17,15.91
2015-09-16,15.85
2015-09-15,15.68
2015-09-14,15.62
2015-09-11,15.52
2015-09-10,15.54
2015-09-09,15.55
2015-09-08,15.51
2015-09-07,15.45
2015-09-04,15.48
2015-09-03,15.66
2015-09-02,15.62
2015-09-01,15.51
2015-08-31,15.47
2015-08-28,15.53
2015-08-27,15.67
2015-08-26,15.92
2015-08-25,15.97
2015-08-24,15.84
2015-08-21,15.55
2015-08-20,15.35
2015-08-19,15.15
2015-08-18,15.05
2015-08-14,15.1
2015-08-13,14.97
2015-08-12,14.87
2015-08-11,14.83
2015-08-10,14.82
2015-08-07,14.92
2015-08-06,14.98
2015-08-05,14.95
2015-08-04,14.9
2015-08-03,14.89
2015-07-31,14.94
2015-07-30,14.91
2015-07-29,14.94
2015-07-28,14.95
2015-07-27,14.65
2015-07-24,14.49
2015-07-23,14.64
2015-07-22,14.89
2015-07-21,15.09
2015-07-20,14.55
2015-07-17,14.22
2015-07-16,14.11
2015-07-15,13.94
2015-07-14,14
2015-07-13,13.85
2015-07-10,13.62
2015-07-08,13.6
2015-07-07,13.59
2015-07-06,13.43
2015-07-03,13.48
2015-07-02,13.55
2015-07-01,13.55
2015-06-30,13.4
2015-06-29,13.29
2015-06-26,13.28
2015-06-25,13.52
2015-06-24,13.57
2015-06-23,13.35
2015-06-22,13.05
2015-06-19,13.02
2015-06-18,13.08
2015-06-17,12.94
2015-06-16,12.85
2015-06-15,12.7
2015-06-12,12.68
2015-06-11,12.67
2015-06-10,12.62
2015-06-09,12.62
2015-06-08,12.62
2015-06-05,12.65
2015-06-04,12.64
2015-06-03,12.66
2015-06-02,12.65
2015-06-01,12.63
2015-05-29,12.65
2015-05-28,12.7
2015-05-27,12.72
2015-05-26,12.72
2015-05-22,12.65
2015-05-21,12.64
2015-05-20,12.64
2015-05-19,12.7
2015-05-18,12.66
2015-05-15,12.65
2015-05-14,12.62
2015-05-13,12.59
2015-05-12,12.53
2015-05-11,12.52
2015-05-08,12.57
2015-05-07,12.59
2015-05-06,12.6
2015-05-05,12.58
2015-05-04,12.61
2015-04-30,12.7
2015-04-29,12.73
2015-04-28,12.73
2015-04-27,12.7
2015-04-24,12.8
2015-04-23,12.84
2015-04-22,12.79
2015-04-21,12.71
2015-04-20,12.68
2015-04-17,12.71
2015-04-16,12.72
2015-04-15,12.8
2015-04-14,12.52
2015-04-13,12.42
2015-04-10,12.4
2015-04-09,12.39
2015-04-08,12.45
2015-04-07,12.38
2015-04-06,12.49
2015-04-01,12.55
2015-03-31,12.62
2015-03-30,12.62
2015-03-27,12.78
2015-03-26,12.79
2015-03-25,12.81
2015-03-20,12.82
2015-03-19,12.86
2015-03-18,12.96
2015-03-17,12.88
2015-03-16,12.89
2015-03-13,12.96
2015-03-12,12.92
2015-03-11,12.82
2015-03-10,12.76
2015-03-09,12.76
2015-03-06,12.81
2015-03-05,12.85
2015-03-04,12.93
2015-03-03,12.93
2015-03-02,13
2015-02-27,13.03
2015-02-26,13.11
2015-02-25,13.14
2015-02-24,13.11
2015-02-23,13.11
2015-02-20,13.02
2015-02-19,12.85
2015-02-18,13
2015-02-13,13.19
2015-02-12,13.12
2015-02-11,13.15
2015-02-10,13.18
2015-02-09,13.18
2015-02-06,13.2
2015-02-05,13.25
2015-02-04,13.3
2015-02-03,13.31
2015-02-02,13.38
2015-01-30,13.6
2015-01-29,13.6
2015-01-28,13.75
2015-01-27,13.65
2015-01-26,13.66
2015-01-23,13.67
2015-01-22,13.7
2015-01-21,13.65
2015-01-20,13.65
2015-01-19,13.7
2015-01-16,13.59
2015-01-15,13.62
2015-01-14,13.62
2015-01-13,13.6
2015-01-12,13.7
2015-01-09,13.77
2015-01-08,13.77
2015-01-07,13.75
2015-01-06,13.75
2015-01-05,13.75
2015-01-02,13.8
2014-12-30,13.8
2014-12-29,13.55
2014-12-23,13.38
2014-12-22,13.18
2014-12-19,13.1
2014-12-18,13.15
2014-12-17,13.1
2014-12-16,13.15
2014-12-15,13.17
2014-12-12,12.85
2014-12-11,12.7
2014-12-10,12.78
2014-12-09,12.8
2014-12-05,12.78
2014-12-04,12.92
2014-12-03,13.05
2014-12-02,13
2014-12-01,13.1
2014-11-28,13.1
2014-11-27,13.2
2014-11-26,13.3
2014-11-25,13.35
2014-11-21,13.38
2014-11-20,13.5
2014-11-19,13.55
2014-11-18,13.55
2014-11-17,13.48
2014-11-14,13.38
2014-11-13,13.4
2014-11-12,13.68
2014-11-11,13.15
2014-11-10,12.65
2014-11-07,13.1
2014-11-06,13.5
2014-11-05,13.5
2014-11-04,13.6
2014-11-03,13.9
2014-10-31,14.28
2014-10-30,14.33
2014-10-29,14.53
2014-10-28,14.62
2014-10-27,14.68
2014-10-24,14.65
2014-10-23,14.7
2014-10-22,14.69
2014-10-21,14.7
2014-10-20,14.68
2014-10-17,14.7
2014-10-16,14.65
2014-10-15,14.73
2014-10-14,14.77
2014-10-10,14.95
2014-10-09,14.83
2014-10-08,14.65
2014-10-07,14.7
2014-10-06,14.95
2014-10-03,15.3
2014-10-02,15.5
2014-10-01,15.6
2014-09-30,15.7
2014-09-29,15.6
2014-09-26,15.75
2014-09-25,15.75
2014-09-24,15.95
2014-09-23,15.42
2014-09-22,15.15
2014-09-19,15
2014-09-18,15
2014-09-17,15.1
2014-09-16,14.7
2014-09-15,14.45
2014-09-12,14.35
2014-09-11,14.26
2014-09-10,14.25
2014-09-09,14.25
2014-09-08,14.2
2014-09-05,14
2014-09-04,14
2014-09-03,14.2
2014-09-02,14.25
2014-09-01,14.2
2014-08-29,14.05
2014-08-27,14.38
2014-08-26,14.2
2014-08-25,13.98
2014-08-22,13.88
2014-08-21,13.95
2014-08-20,13.55
2014-08-19,13.2
2014-08-15,13.2
2014-08-14,13.2
2014-08-13,13.15
2014-08-12,12.95
2014-08-11,12.8
2014-08-08,12.8
2014-08-07,12.8
2014-08-06,12.8
2014-08-05,12.7
2014-08-04,12.7
2014-08-01,12.8
2014-07-31,12.7
2014-07-30,12.3
2014-07-29,12.8
2014-07-28,13
2014-07-25,12.6
2014-07-24,12.5
2014-07-23,12.6
2014-07-22,12.45
2014-07-21,12.27
2014-07-18,12.25
2014-07-17,12.25
2014-07-16,12.2
2014-07-15,12.1
2014-07-14,12
2014-07-11,11.9
2014-07-10,12
2014-07-08,12
2014-07-07,11.95
2014-07-04,11.95
2014-07-03,11.95
2014-07-02,12
2014-07-01,12.05
2014-06-30,12.15
2014-06-27,12.15
2014-06-26,12.05
2014-06-25,12.05
2014-06-24,12
2014-06-23,11.8
2014-06-19,12.4
2014-06-18,12.3
2014-06-17,12.2
2014-06-16,11.85
2014-06-13,11.65
2014-06-12,11.7
2014-06-11,11.6
2014-06-10,11.6
2014-06-09,11.55
2014-06-06,11.55
2014-06-05,11.55
2014-06-04,11.55
2014-06-03,11.5
2014-06-02,11.4
2014-05-30,11.4
2014-05-29,11.7
2014-05-28,11.8
2014-05-27,11.75
2014-05-26,11.5
2014-05-23,11.37
2014-05-22,11.8
2014-05-21,11.9
2014-05-20,11.7
2014-05-19,11.3
2014-05-16,11.05
2014-05-15,10.9
2014-05-14,10.75
2014-05-13,10.8
2014-05-12,10.7
2014-05-09,10.7
2014-05-08,10.73
2014-05-07,10.7
2014-05-06,10.55
2014-05-05,10.5
2014-04-30,10.55
2014-04-29,10.6
2014-04-28,10.7
2014-04-25,10.75
2014-04-24,10.7
2014-04-23,10.5
2014-04-22,10.4
2014-04-21,10.4
2014-04-16,10.4
2014-04-15,10.4
2014-04-14,10.28
2014-04-11,10.38
2014-04-10,10.3
2014-04-09,10.3
2014-04-08,10.34
2014-04-07,10.6
2014-04-04,10.7
2014-04-03,10.75
2014-04-01,10.8
2014-03-31,10.8
2014-03-28,10.85
2014-03-27,10.85
2014-03-26,10.9
2014-03-25,10.9
2014-03-21,10.9
2014-03-20,10.95
2014-03-19,10.92
2014-03-18,10.93
2014-03-17,10.9
2014-03-14,10.95
2014-03-13,11
2014-03-12,10.85
2014-03-11,10.85
2014-03-10,10.95
2014-03-07,11.05
2014-03-06,11
2014-03-05,10.55
2014-02-28,11.25
2014-02-27,11.45
2014-02-26,11.55
2014-02-25,11.65
2014-02-24,11.7
2014-02-21,11.8
2014-02-20,11.83
2014-02-19,11.8
2014-02-18,11.78
2014-02-17,11.78
2014-02-14,11.85
2014-02-13,11.95
2014-02-12,12.1
2014-02-11,11.65
2014-02-10,11.65
2014-02-07,12.15
2014-02-06,12.4
2014-02-05,12.55
2014-02-04,12.55
2014-02-03,12.55
2014-01-31,12.65
2014-01-30,12.6
2014-01-29,12.9
2014-01-28,12.5
2014-01-27,12.15
2014-01-24,11.7
2014-01-23,13.06
2014-01-22,12.15
2014-01-21,11.86
2014-01-20,11.65
2014-01-17,11.95
2014-01-16,11.55
2014-01-15,11.21
2014-01-14,10.93
2014-01-13,10.77
2014-01-10,10.8
2014-01-09,10.8
2014-01-08,10.75
2014-01-07,10.9
2014-01-06,10.47
2014-01-03,10.3
2014-01-02,10.17
2013-12-30,10
2013-12-27,9.97
2013-12-26,9.9
2013-12-23,9.7
2013-12-20,9.65
2013-12-19,9.69
2013-12-18,9.8
2013-12-17,9.75
2013-12-16,9.7
2013-12-13,9.6
2013-12-12,9.55
2013-12-11,9.54
2013-12-10,9.55
2013-12-09,9.5
2013-12-06,9.5
2013-12-05,9.69
2013-12-04,9.62
2013-12-03,9.3
2013-12-02,9.18
2013-11-29,9.57
2013-11-28,9.69
2013-11-27,9.72
2013-11-26,9.81
2013-11-22,9.92
2013-11-21,9.94
2013-11-20,9.93
2013-11-19,9.92
2013-11-18,9.87
2013-11-15,9.94
2013-11-14,9.99
2013-11-13,9.9
2013-11-12,9.8
2013-11-11,9.79
2013-11-08,9.8
2013-11-07,9.79
2013-11-06,9.83
2013-11-05,9.83
2013-11-04,9.88
2013-11-01,9.93
2013-10-31,9.92
2013-10-30,9.93
2013-10-29,9.88
2013-10-28,9.75
2013-10-23,10.05
2013-10-22,10.05
2013-10-21,9.9
2013-10-18,9.88
2013-10-17,9.85
2013-10-16,9.76
2013-10-15,9.6
2013-10-11,9.72
2013-10-10,9.77
2013-10-09,9.7
2013-10-08,9.62
2013-10-07,9.55
2013-10-04,9.55
2013-10-03,9.6
2013-10-02,9.57
2013-10-01,9.53
2013-09-30,9.48
2013-09-27,9.53
2013-09-26,9.5
2013-09-25,9.45
2013-09-24,9.39
2013-09-23,9.37
2013-09-20,9.35
2013-09-19,9.35
2013-09-18,9.33
2013-09-17,9.33
2013-09-16,9.25
2013-09-13,9.25
2013-09-12,9.22
2013-09-11,9.21
2013-09-10,9.18
2013-09-09,9.22
2013-09-06,9.22
2013-09-05,9.23
2013-09-04,9.2
2013-09-03,9.2
2013-09-02,9.22
2013-08-30,9.25
2013-08-29,9.38
2013-08-28,9.38
2013-08-27,9.41
2013-08-26,9.03
2013-08-23,8.99
2013-08-22,8.95
2013-08-21,8.89
2013-08-20,8.86
2013-08-16,8.85
2013-08-15,8.85
2013-08-14,8.85
2013-08-13,8.74
2013-08-12,8.72
2013-08-09,8.78
2013-08-07,8.6
2013-08-06,8.58
2013-08-05,8.56
2013-08-02,8.56
2013-08-01,8.54
2013-07-31,8.53
2013-07-30,8.53
2013-07-29,8.53
2013-07-26,8.51
2013-07-25,8.51
2013-07-24,8.58
2013-07-23,8.5
2013-07-22,8.5
2013-07-19,8.52
2013-07-18,8.57
2013-07-17,8.75
2013-07-16,8.75
2013-07-15,8.58
2013-07-12,8.35
2013-07-11,8.2
2013-07-10,8.09
2013-07-08,7.98
2013-07-05,7.97
2013-07-04,7.98
2013-07-03,7.95
2013-07-02,7.93
2013-07-01,7.98
2013-06-28,8.05
2013-06-27,8.05
2013-06-26,8.05
2013-06-25,8.05
2013-06-24,8.05
2013-06-19,7.98
2013-06-18,7.86
2013-06-17,8
2013-06-14,8
2013-06-13,8
2013-06-12,8.25
2013-06-11,8.57
2013-06-10,8.57
2013-06-07,8.57
2013-06-06,8.57
2013-06-05,8.55
2013-06-04,8.5
2013-06-03,8.6
2013-05-31,8.8
2013-05-30,8.87
2013-05-29,8.88
2013-05-28,8.88
2013-05-27,8.93
2013-05-24,8.95
2013-05-23,8.8
2013-05-22,8.43
2013-05-21,8.58
2013-05-20,8.9
2013-05-17,8.95
2013-05-16,8.95
2013-05-15,9.05
2013-05-14,9.2
2013-05-13,10.03
2013-05-10,10.03
2013-05-09,10.03
2013-05-08,10.45
2013-05-07,10.08
2013-05-06,9.87
2013-05-03,9.88
2013-05-02,9.63
2013-04-30,9.4
2013-04-29,9.3
2013-04-26,9.34
2013-04-25,9.2
2013-04-24,8.94
2013-04-23,8.86
2013-04-22,8.67
2013-04-19,8.63
2013-04-18,8.66
2013-04-17,8.7
2013-04-16,8.52
2013-04-15,8.42
2013-04-12,8.43
2013-04-11,8.44
2013-04-10,8.39
2013-04-09,8.37
2013-04-08,8.33
2013-04-05,8.4
2013-04-04,8.32
2013-04-03,8.3
2013-03-27,8.43
2013-03-26,8.3
2013-03-25,8.27
2013-03-22,8.48
2013-03-21,8.45
2013-03-20,8.75
2013-03-19,8.27
2013-03-18,8.08
2013-03-15,8.05
2013-03-14,7.99
2013-03-13,7.92
2013-03-12,7.84
2013-03-11,7.82
2013-03-08,7.83
2013-03-07,7.82
2013-03-06,7.83
2013-03-05,7.82
2013-03-04,7.82
2013-03-01,7.84
2013-02-28,7.84
2013-02-27,7.82
2013-02-26,7.82
2013-02-25,7.78
2013-02-22,7.8
2013-02-21,7.83
2013-02-19,7.81
2013-02-18,7.7
2013-02-15,7.71
2013-02-14,7.66
2013-02-13,7.65
2013-02-08,7.67
2013-02-07,7.68
2013-02-06,7.7
2013-02-05,7.59
2013-02-04,7.72
2013-02-01,7.92
2013-01-30,7.92
2013-01-29,7.8
2013-01-28,7.66
2013-01-25,7.62
2013-01-24,7.56
2013-01-23,7.52
2013-01-22,7.43
2013-01-21,7.44
2013-01-18,7.48
2013-01-17,7.51
2013-01-16,7.5
2013-01-15,7.36
2013-01-14,7.25
2013-01-11,7.2
2013-01-10,7.25
2013-01-09,7.12
2013-01-08,7.05
2013-01-07,7.04
2013-01-04,7.04
2013-01-03,7.07
2013-01-02,6.91
2012-12-31,6.8
2012-12-28,6.8
2012-12-27,6.78
2012-12-26,6.64
2012-12-21,6.61
2012-12-20,6.63
2012-12-19,6.55
2012-12-18,6.53
2012-12-17,6.52
2012-12-14,6.53
2012-12-13,6.52
2012-12-12,6.48
2012-12-11,6.44
2012-12-10,6.45
2012-12-07,6.47
2012-12-06,6.44
2012-12-05,6.44
2012-12-04,6.44
2012-12-03,6.44
2012-11-30,6.44
2012-11-29,6.44
2012-11-28,6.47
2012-11-27,6.45
2012-11-23,6.46
2012-11-22,6.41
2012-11-21,6.38
2012-11-20,6.36
2012-11-19,6.36
2012-11-16,6.4
2012-11-15,6.35
2012-11-14,6.35
2012-11-13,6.32
2012-11-12,6.32
2012-11-09,6.33
2012-11-08,6.33
2012-11-07,6.3
2012-11-05,6.34
2012-11-02,6.33
2012-11-01,6.34
2012-10-31,6.34
2012-10-30,6.36
2012-10-29,6.35
2012-10-26,6.38
2012-10-25,6.37
2012-10-24,6.37
2012-10-23,6.32
2012-10-22,6.28
2012-10-19,6.31
2012-10-18,6.32
2012-10-17,6.33
2012-10-16,6.22
2012-10-15,6.2
2012-10-12,6.2
2012-10-11,6.21
2012-10-10,6.21
2012-10-09,6.2
2012-10-05,6.18
2012-10-04,6.19
2012-10-03,6.25
2012-10-02,6.26
2012-10-01,6.26
2012-09-28,6.3
2012-09-27,6.3
2012-09-26,6.29
2012-09-25,6.32
2012-09-21,6.32
2012-09-20,6.32
2012-09-19,6.31
2012-09-18,6.31
2012-09-17,6.3
2012-09-14,6.31
2012-09-13,6.3
2012-09-12,6.32
2012-09-11,6.3
2012-09-10,6.33
2012-09-07,6.33
2012-09-06,6.34
2012-09-05,6.35
2012-09-04,6.35
2012-09-03,6.34
2012-08-31,6.37
2012-08-30,6.37
2012-08-29,6.37
2012-08-28,6.36
2012-08-27,6.38
2012-08-24,6.41
2012-08-23,6.42
2012-08-22,6.4
2012-08-21,6.35
2012-08-17,6.33
2012-08-16,6.33
2012-08-15,6.32
2012-08-14,6.3
2012-08-13,6.28
2012-08-10,6.27
2012-08-09,6.26
2012-08-08,6.26
2012-08-07,6.26
2012-08-06,6.21
2012-08-03,6.2
2012-08-02,6.21
2012-08-01,6.27
2012-07-31,6.32
2012-07-30,6.37
2012-07-27,6.45
2012-07-26,6.42
2012-07-25,6.45
2012-07-24,6.43
2012-07-23,6.42
2012-07-20,6.45
2012-07-19,6.6
2012-07-18,6.74
2012-07-17,6.6
2012-07-16,6.31
2012-07-13,6.17
2012-07-12,6.1
2012-07-11,6
2012-07-10,5.97
2012-07-06,5.96
2012-07-05,5.96
2012-07-04,5.96
2012-07-03,5.96
2012-07-02,5.96
2012-06-29,5.95
2012-06-28,5.98
2012-06-27,5.95
2012-06-26,5.94
2012-06-25,5.98
2012-06-22,5.98
2012-06-21,5.98
2012-06-19,5.94
2012-06-18,5.92
2012-06-15,5.93
2012-06-14,5.93
2012-06-13,5.92
2012-06-12,5.92
2012-06-01,5.95
2012-05-31,5.92
2012-05-30,5.9
2012-05-29,5.91
2012-05-28,5.89
2012-05-24,5.93
2012-05-23,6.15
2012-05-22,5.94
2012-05-21,5.72
2012-05-18,5.63
2012-05-17,5.59
2012-05-16,5.49
2012-05-15,5.55
2012-05-14,5.28
2012-05-11,5.18
2012-05-10,5.1
2012-05-09,5.08
2012-05-08,5.06
2012-05-07,5.05
2012-05-04,5.04
2012-05-03,5.05
2012-05-02,5.08
2012-04-27,5.09
2012-04-26,5.1
2012-04-25,5.14
2012-04-24,5.13
2012-04-23,5.04
2012-04-20,5.02
2012-04-19,5.02
2012-04-18,5.02
2012-04-17,5.01
2012-04-16,4.95
2012-04-13,4.93
2012-04-12,4.91
2012-04-11,4.89
2012-04-10,4.88
2012-04-09,4.89
2012-04-04,4.91
2012-04-03,4.89
2012-03-30,4.93
2012-03-29,4.94
2012-03-28,4.93
2012-03-27,4.93
2012-03-26,4.91
2012-03-23,4.89
2012-03-22,4.87
2012-03-21,4.86
2012-03-20,4.82
2012-03-19,4.79
2012-03-16,4.82
2012-03-15,4.79
2012-03-14,4.74
2012-03-13,4.72
2012-03-12,4.72
2012-03-09,4.71
2012-03-08,4.71
2012-03-07,4.71
2012-03-06,4.69
2012-03-05,4.69
2012-03-02,4.69
2012-03-01,4.7
2012-02-29,4.72
2012-02-28,4.73
2012-02-24,4.73
2012-02-23,4.73
2012-02-22,4.74
2012-02-17,4.76
2012-02-16,4.74
2012-02-15,4.76
2012-02-14,4.74
2012-02-13,4.74
2012-02-10,4.76
2012-02-09,4.76
2012-02-08,4.73
2012-02-07,4.73
2012-02-06,4.77
2012-02-03,4.78
2012-02-02,4.78
2012-02-01,4.78
2012-01-31,4.79
2012-01-30,4.81
2012-01-27,4.84
2012-01-26,4.85
2012-01-25,4.84
2012-01-24,4.84
2012-01-23,4.84
2012-01-20,4.84
2012-01-19,4.84
2012-01-18,4.83
2012-01-17,4.81
2012-01-16,4.81
2012-01-13,4.81
2012-01-12,4.8
2012-01-11,4.8
2012-01-10,4.79
2012-01-09,4.79
2012-01-06,4.79
2012-01-05,4.79
2012-01-04,4.78
2012-01-03,4.75
2011-12-30,4.74
2011-12-29,4.74
2011-12-28,4.74
2011-12-27,4.71
2011-12-23,4.67
2011-12-22,4.65
2011-12-21,4.63
2011-12-20,4.63
2011-12-19,4.64
2011-12-16,4.61
2011-12-15,4.62
2011-12-14,4.61
2011-12-13,4.63
2011-12-12,4.73
2011-12-07,4.63
2011-12-06,4.71
2011-12-05,4.71
2011-12-02,4.73
2011-12-01,4.75
2011-11-30,4.74
2011-11-29,4.75
2011-11-25,4.75
2011-11-24,4.73
2011-11-23,4.7
2011-11-22,4.7
2011-11-21,4.7
2011-11-18,4.75
2011-11-17,4.7
2011-11-16,4.75
2011-11-15,4.75
2011-11-14,4.79
2011-11-11,4.99
2011-11-10,5
2011-11-09,4.87
2011-11-08,4.75
2011-11-07,4.68
2011-11-04,4.67
2011-11-03,4.68
2011-11-02,4.69
2011-11-01,4.62
2011-10-31,4.49
2011-10-28,4.49
2011-10-27,4.5
2011-10-26,4.48
2011-10-25,4.47
2011-10-24,4.46
2011-10-21,4.47
2011-10-20,4.47
2011-10-19,4.45
2011-10-18,4.42
2011-10-17,4.41
2011-10-14,4.43
2011-10-13,4.43
2011-10-12,4.38
2011-10-11,4.39
2011-10-07,4.4
2011-10-06,4.41
2011-10-05,4.43
2011-10-04,4.44
2011-10-03,4.42
2011-09-30,4.43
2011-09-29,4.43
2011-09-28,4.45
2011-09-27,4.45
2011-09-26,4.47
2011-09-23,4.49
2011-09-22,4.45
2011-09-21,4.44
2011-09-20,4.44
2011-09-19,4.44
2011-09-16,4.44
2011-09-15,4.44
2011-09-14,4.44
2011-09-13,4.44
2011-09-12,4.43
2011-09-09,4.43
2011-09-08,4.43
2011-09-07,4.43
2011-09-06,4.42
2011-09-05,4.42
2011-09-02,4.43
2011-09-01,4.42
2011-08-31,4.43
2011-08-30,4.44
2011-08-29,4.44
2011-08-26,4.44
2011-08-25,4.42
2011-08-24,4.39
2011-08-23,4.37
2011-08-19,4.37
2011-08-18,4.37
2011-08-17,4.36
2011-08-16,4.35
2011-08-15,4.34
2011-08-12,4.35
2011-08-11,4.35
2011-08-10,4.35
2011-08-09,4.34
2011-08-08,4.31
2011-08-05,4.32
2011-08-04,4.32
2011-08-03,4.33
2011-08-02,4.33
2011-08-01,4.32
2011-07-29,4.34
2011-07-28,4.34
2011-07-27,4.35
2011-07-26,4.34
2011-07-25,4.33
2011-07-22,4.32
2011-07-21,4.32
2011-07-20,4.32
2011-07-19,4.31
2011-07-18,4.29
2011-07-15,4.29
2011-07-14,4.29
2011-07-13,4.28
2011-07-12,4.27
2011-07-11,4.26
2011-07-08,4.26
2011-07-07,4.26
2011-07-06,4.27
2011-07-05,4.26
2011-07-04,4.27
2011-07-01,4.28
2011-06-30,4.27
2011-06-29,4.29
2011-06-28,4.29
2011-06-27,4.29
2011-06-24,4.3
2011-06-23,4.3
2011-06-22,4.3
2011-06-21,4.29
2011-06-17,4.3
2011-06-16,4.31
2011-06-15,4.31
2011-06-14,4.29
2011-06-13,4.26
2011-06-10,4.26
2011-06-09,4.26
2011-06-08,4.28
2011-06-07,4.26
2011-06-06,4.27
2011-06-03,4.28
2011-06-02,4.3
2011-06-01,4.31
2011-05-31,4.3
2011-05-30,4.33
2011-05-27,4.34
2011-05-26,4.34
2011-05-24,4.35
2011-05-23,4.34
2011-05-20,4.33
2011-05-19,4.33
2011-05-18,4.32
2011-05-17,4.32
2011-05-16,4.29
2011-05-13,4.29
2011-05-12,4.29
2011-05-11,4.28
2011-05-10,4.28
2011-05-09,4.27
2011-05-06,4.27
2011-05-05,4.27
2011-05-04,4.27
2011-05-03,4.29
2011-05-02,4.27
2011-04-29,4.31
2011-04-28,4.33
2011-04-27,4.29
2011-04-26,4.28
2011-04-25,4.25
2011-04-20,4.22
2011-04-19,4.22
2011-04-18,4.2
2011-04-15,4.2
2011-04-14,4.2
2011-04-13,4.18
2011-04-12,4.17
2011-04-11,4.16
2011-04-08,4.16
2011-04-07,4.16
2011-04-06,4.16
2011-04-05,4.16
2011-04-04,4.16
2011-04-01,4.16
2011-03-31,4.16
2011-03-30,4.16
2011-03-29,4.17
2011-03-28,4.17
2011-03-23,4.17
2011-03-22,4.16
2011-03-21,4.16
2011-03-18,4.16
2011-03-17,4.16
2011-03-16,4.17
2011-03-15,4.16
2011-03-14,4.14
2011-03-11,4.14
2011-03-10,4.11
2011-03-09,4.12
2011-03-04,4.13
2011-03-03,4.14
2011-03-02,4.15
2011-03-01,4.15
2011-02-28,4.15
2011-02-25,4.17
2011-02-24,4.17
2011-02-23,4.17
2011-02-22,4.16
2011-02-21,4.16
2011-02-18,4.18
2011-02-17,4.18
2011-02-16,4.17
2011-02-15,4.16
2011-02-14,4.14
2011-02-11,4.15
2011-02-10,4.14
2011-02-09,4.14
2011-02-08,4.14
2011-02-07,4.12
2011-02-04,4.12
2011-02-03,4.12
2011-02-02,4.12
2011-02-01,4.13
2011-01-31,4.14
2011-01-28,4.15
2011-01-27,4.15
2011-01-26,4.15
2011-01-25,4.14
2011-01-24,4.14
2011-01-21,4.15
2011-01-20,4.15
2011-01-19,4.15
2011-01-18,4.15
2011-01-17,4.13
2011-01-14,4.14
2011-01-13,4.14
2011-01-12,4.13
2011-01-11,4.13
2011-01-10,4.11
2011-01-07,4.12
2011-01-06,4.14
2011-01-05,4.14
2011-01-04,4.12
2011-01-03,4.11
2010-12-30,4.11
2010-12-29,4.12
2010-12-28,4.11
2010-12-27,4.09
2010-12-23,4.09
2010-12-22,4.08
2010-12-21,4.07
2010-12-20,4.07
2010-12-17,4.08
2010-12-16,4.07
2010-12-15,4.07
2010-12-14,4.05
2010-12-13,4.05
2010-12-10,4.04
2010-12-09,4.04
2010-12-07,4.04
2010-12-06,4.04
2010-12-03,4.06
2010-12-02,4.07
2010-12-01,4.06
2010-11-30,4.07
2010-11-29,4.06
2010-11-26,4.07
2010-11-25,4.07
2010-11-24,4.07
2010-11-23,4.05
2010-11-19,4.06
2010-11-18,4.06
2010-11-17,4.05
2010-11-16,4.04
2010-11-15,4.03
2010-11-12,4.04
2010-11-11,4.04
2010-11-10,4.03
2010-11-09,4.02
2010-11-08,4.02
2010-11-05,4.02
2010-11-04,4.04
2010-11-03,4.04
2010-11-02,4.04
2010-11-01,4.03
2010-10-29,4.04
2010-10-28,4.04
2010-10-26,4.04
2010-10-25,4.04
2010-10-22,4.04
2010-10-21,4.04
2010-10-20,4.04
2010-10-19,4.03
2010-10-18,4.03
2010-10-15,4.03
2010-10-14,4.02
2010-10-13,4.02
2010-10-12,4
2010-10-08,4
2010-10-07,4.01
2010-10-06,4.02
2010-10-05,4.02
2010-10-04,4.02
2010-10-01,4.03
2010-09-30,4.03
2010-09-29,4.03
2010-09-28,4.03
2010-09-27,4.02
2010-09-24,4.03
2010-09-23,4.03
2010-09-22,4.02
2010-09-21,4.01
2010-09-20,4.01
2010-09-17,4.01
2010-09-16,4.01
2010-09-15,4.01
2010-09-14,4.01
2010-09-13,4
2010-09-10,4
2010-09-09,4.01
2010-09-08,3.99
2010-09-07,3.99
2010-09-06,4
2010-09-03,4
2010-09-02,4.01
2010-09-01,4
2010-08-31,4.01
2010-08-30,4.01
2010-08-27,4.02
2010-08-26,4.03
2010-08-25,4.03
2010-08-24,4.02
2010-08-23,4
2010-08-20,4
2010-08-19,4.01
2010-08-18,4.01
2010-08-17,4.01
2010-08-13,4.02
2010-08-12,4.01
2010-08-11,4
2010-08-10,4
2010-08-09,4
2010-08-06,3.99
2010-08-05,4.02
2010-08-04,4.01
2010-08-03,4.02
2010-08-02,4.02
2010-07-30,4.03
2010-07-29,4.03
2010-07-28,4.03
2010-07-27,4.03
2010-07-26,4.02
2010-07-23,4.02
2010-07-22,4.02
2010-07-21,4.01
2010-07-20,4.01
2010-07-19,4.01
2010-07-16,4.01
2010-07-15,4.01
2010-07-14,4
2010-07-13,4.01
2010-07-12,3.98
2010-07-08,3.98
2010-07-07,3.98
2010-07-06,3.99
2010-07-05,4
2010-07-02,4.01
2010-07-01,4.01
2010-06-30,4.01
2010-06-29,4
2010-06-28,4
2010-06-25,4.02
2010-06-24,4.03
2010-06-23,4.02
2010-06-22,4.02
2010-06-18,4.03
2010-06-17,4.03
2010-06-16,4.02
2010-06-15,4.02
2010-06-14,4
2010-06-11,4.01
2010-06-10,4.04
2010-06-09,4.01
2010-06-08,4
2010-06-07,3.99
2010-06-04,4
2010-06-03,4
2010-06-02,4
2010-06-01,3.97
2010-05-31,3.97
2010-05-28,3.96
2010-05-27,3.96
2010-05-26,3.96
2010-05-21,3.96
2010-05-20,3.97
2010-05-19,3.96
2010-05-18,3.94
2010-05-17,3.94
2010-05-14,3.95
2010-05-13,3.95
2010-05-12,3.94
2010-05-11,3.93
2010-05-10,3.92
2010-05-07,3.93
2010-05-06,3.93
2010-05-05,3.92
2010-05-04,3.91
2010-05-03,3.91
2010-04-30,3.92
2010-04-29,3.92
2010-04-28,3.91
2010-04-27,3.92
2010-04-26,3.92
2010-04-23,3.92
2010-04-22,3.92
2010-04-21,3.92
2010-04-20,3.92
2010-04-19,3.92
2010-04-16,3.92
2010-04-15,3.92
2010-04-14,3.92
2010-04-13,3.9
2010-04-12,3.89
2010-04-09,3.89
2010-04-08,3.9
2010-04-07,3.9
2010-04-06,3.87
2010-04-05,3.87
2010-04-01,3.89
2010-03-31,3.89
2010-03-30,3.89
2010-03-29,3.9
2010-03-26,3.9
2010-03-25,3.9
2010-03-23,3.9
2010-03-22,3.9
2010-03-19,3.9
2010-03-18,3.91
2010-03-17,3.91
2010-03-16,3.91
2010-03-15,3.91
2010-03-12,3.91
2010-03-11,3.91
2010-03-10,3.91
2010-03-09,3.9
2010-03-08,3.9
2010-03-05,3.91
2010-03-04,3.91
2010-03-03,3.91
2010-03-02,3.91
2010-03-01,3.9
2010-02-26,3.93
2010-02-25,3.93
2010-02-24,3.93
2010-02-23,3.93
2010-02-22,3.93
2010-02-19,3.94
2010-02-18,3.95
2010-02-17,3.95
2010-02-16,3.94
2010-02-15,3.94
2010-02-12,3.94
2010-02-11,3.93
2010-02-10,3.93
2010-02-09,3.91
2010-02-08,3.9
2010-02-05,3.91
2010-02-04,3.92
2010-02-03,3.91
2010-02-02,3.91
2010-02-01,3.89
2010-01-29,3.88
2010-01-28,3.89
2010-01-27,3.9
2010-01-26,3.89
2010-01-25,3.88
2010-01-22,3.88
2010-01-21,3.88
2010-01-20,3.88
2010-01-19,3.88
2010-01-18,3.87
2010-01-15,3.89
2010-01-14,3.89
2010-01-13,3.89
2010-01-12,3.87
2010-01-11,3.87
2010-01-08,3.87
2010-01-07,3.87
2010-01-06,3.88
2010-01-05,3.86
2010-01-04,3.86
2009-12-30,3.86
2009-12-29,3.87
2009-12-28,3.85
2009-12-24,3.84
2009-12-23,3.84
2009-12-22,3.84
2009-12-21,3.83
2009-12-18,3.84
2009-12-17,3.85
2009-12-16,3.85
2009-12-15,3.83
2009-12-14,3.82
2009-12-11,3.81
2009-12-10,3.81
2009-12-09,3.8
2009-12-07,3.8
2009-12-04,3.81
2009-12-03,3.81
2009-12-02,3.81
2009-12-01,3.8
2009-11-30,3.8
2009-11-27,3.82
2009-11-26,3.82
2009-11-25,3.82
2009-11-24,3.82
2009-11-23,3.82
2009-11-20,3.83
2009-11-19,3.84
2009-11-18,3.84
2009-11-17,3.83
2009-11-16,3.82
2009-11-13,3.82
2009-11-12,3.81
2009-11-11,3.8
2009-11-10,3.79
2009-11-09,3.79
2009-11-05,3.8
2009-11-04,3.81
2009-11-03,3.81
2009-11-02,3.81
2009-10-30,3.82
2009-10-29,3.83
2009-10-28,3.84
2009-10-27,3.83
2009-10-26,3.83
2009-10-23,3.83
2009-10-22,3.84
2009-10-21,3.84
2009-10-20,3.83
2009-10-19,3.83
2009-10-16,3.83
2009-10-15,3.82
2009-10-14,3.83
2009-10-13,3.83
2009-10-09,3.83
2009-10-08,3.84
2009-10-07,3.84
2009-10-06,3.83
2009-10-05,3.84
2009-10-02,3.84
2009-10-01,3.84
2009-09-30,3.84
2009-09-29,3.85
2009-09-28,3.86
2009-09-25,3.87
2009-09-24,3.87
2009-09-23,3.87
2009-09-22,3.86
2009-09-21,3.86
2009-09-18,3.86
2009-09-17,3.86
2009-09-16,3.85
2009-09-15,3.85
2009-09-14,3.86
2009-09-11,3.86
2009-09-10,3.86
2009-09-09,3.84
2009-09-08,3.84
2009-09-07,3.84
2009-09-04,3.85
2009-09-03,3.87
2009-09-02,3.86
2009-09-01,3.85
2009-08-31,3.85
2009-08-28,3.86
2009-08-27,3.86
2009-08-26,3.86
2009-08-25,3.86
2009-08-24,3.87
2009-08-21,3.88
2009-08-20,3.89
2009-08-19,3.88
2009-08-18,3.87
2009-08-14,3.86
2009-08-13,3.87
2009-08-12,3.85
2009-08-11,3.85
2009-08-10,3.84
2009-08-07,3.85
2009-08-06,3.85
2009-08-05,3.86
2009-08-04,3.86
2009-08-03,3.87
2009-07-31,3.87
2009-07-30,3.88
2009-07-29,3.87
2009-07-28,3.86
2009-07-27,3.88
2009-07-24,3.89
2009-07-23,3.89
2009-07-22,3.88
2009-07-21,3.88
2009-07-20,3.87
2009-07-17,3.88
2009-07-16,3.88
2009-07-15,3.86
2009-07-14,3.84
2009-07-13,3.84
2009-07-10,3.84
2009-07-09,3.84
2009-07-08,3.84
2009-07-07,3.84
2009-07-06,3.83
2009-07-03,3.85
2009-07-02,3.86
2009-07-01,3.85
2009-06-30,3.84
2009-06-29,3.84
2009-06-26,3.89
2009-06-25,3.89
2009-06-24,3.89
2009-06-23,3.9
2009-06-22,3.9
2009-06-19,3.89
2009-06-18,3.86
2009-06-17,3.85
2009-06-16,3.84
2009-06-12,3.85
2009-06-11,3.84
2009-06-10,3.82
2009-06-09,3.81
2009-06-08,3.81
2009-06-05,3.81
2009-06-04,3.81
2009-06-03,3.81
2009-06-02,3.81
2009-06-01,3.81
2009-05-29,3.81
2009-05-28,3.8
2009-05-27,3.79
2009-05-26,3.8
2009-05-22,3.81
2009-05-21,3.8
2009-05-20,3.8
2009-05-19,3.79
2009-05-18,3.77
2009-05-15,3.78
2009-05-14,3.79
2009-05-13,3.77
2009-05-12,3.76
2009-05-11,3.75
2009-05-08,3.75
2009-05-07,3.75
2009-05-06,3.74
2009-05-05,3.73
2009-05-04,3.74
2009-04-30,3.74
2009-04-29,3.75
2009-04-28,3.75
2009-04-27,3.74
2009-04-24,3.75
2009-04-23,3.74
2009-04-22,3.74
2009-04-21,3.73
2009-04-20,3.73
2009-04-17,3.74
2009-04-16,3.73
2009-04-15,3.72
2009-04-14,3.72
2009-04-13,3.7
2009-04-08,3.72
2009-04-07,3.71
2009-04-06,3.7
2009-04-03,3.75
2009-04-01,3.78
2009-03-31,3.79
2009-03-30,3.82
2009-03-27,3.82
2009-03-26,3.79
2009-03-25,3.76
2009-03-23,3.77
2009-03-20,3.76
2009-03-19,3.75
2009-03-18,3.75
2009-03-17,3.74
2009-03-16,3.74
2009-03-13,3.74
2009-03-12,3.74
2009-03-11,3.73
2009-03-10,3.72
2009-03-09,3.72
2009-03-06,3.72
2009-03-05,3.73
2009-03-04,3.73
2009-03-03,3.7
2009-03-02,3.67
2009-02-27,3.64
2009-02-26,3.65
2009-02-25,3.68
2009-02-24,3.68
2009-02-23,3.65
2009-02-20,3.63
2009-02-19,3.61
2009-02-18,3.57
2009-02-17,3.55
2009-02-16,3.54
2009-02-13,3.55
2009-02-12,3.55
2009-02-11,3.54
2009-02-10,3.54
2009-02-09,3.55
2009-02-06,3.55
2009-02-05,3.56
2009-02-04,3.55
2009-02-03,3.54
2009-02-02,3.53
2009-01-30,3.55
2009-01-29,3.55
2009-01-28,3.55
2009-01-27,3.53
2009-01-26,3.53
2009-01-23,3.52
2009-01-22,3.52
2009-01-21,3.51
2009-01-20,3.52
2009-01-19,3.51
2009-01-16,3.53
2009-01-15,3.54
2009-01-14,3.53
2009-01-13,3.52
2009-01-12,3.52
2009-01-09,3.54
2009-01-08,3.54
2009-01-07,3.55
2009-01-06,3.54
2009-01-05,3.52
2009-01-02,3.54
2008-12-31,3.54
2008-12-30,3.54
2008-12-29,3.51
2008-12-23,3.45
2008-12-22,3.46
2008-12-19,3.47
2008-12-18,3.47
2008-12-17,3.47
2008-12-16,3.47
2008-12-15,3.47
2008-12-12,3.47
2008-12-11,3.48
2008-12-10,3.47
2008-12-09,3.5
2008-12-08,3.51
2008-12-05,3.51
2008-12-04,3.5
2008-12-03,3.47
2008-12-02,3.43
2008-12-01,3.41
2008-11-28,3.42
2008-11-27,3.41
2008-11-26,3.4
2008-11-25,3.38
2008-11-24,3.38
2008-11-21,3.38
2008-11-20,3.38
2008-11-19,3.38
2008-11-18,3.37
2008-11-17,3.36
2008-11-14,3.37
2008-11-13,3.39
2008-11-12,3.38
2008-11-11,3.33
2008-11-10,3.32
2008-11-07,3.35
2008-11-04,3.38
2008-11-03,3.43
2008-10-31,3.48
2008-10-30,3.48
2008-10-29,3.47
2008-10-28,3.45
2008-10-27,3.4
2008-10-24,3.44
2008-10-23,3.36
2008-10-22,3.3
2008-10-21,3.3
2008-10-20,3.29
2008-10-17,3.32
2008-10-16,3.33
2008-10-15,3.29
2008-10-14,3.26
2008-10-10,3.37
2008-10-09,3.33
2008-10-08,3.3
2008-10-07,3.32
2008-10-06,3.24
2008-10-03,3.18
2008-10-02,3.17
2008-10-01,3.16
2008-09-30,3.16
2008-09-29,3.14
2008-09-26,3.15
2008-09-25,3.15
2008-09-24,3.16
2008-09-23,3.15
2008-09-22,3.14
2008-09-19,3.16
2008-09-18,3.2
2008-09-17,3.18
2008-09-16,3.17
2008-09-15,3.14
2008-09-12,3.12
2008-09-11,3.12
2008-09-10,3.13
2008-09-09,3.08
2008-09-08,3.07
2008-09-05,3.07
2008-09-04,3.08
2008-09-03,3.07
2008-09-02,3.06
2008-09-01,3.06
2008-08-29,3.07
2008-08-28,3.07
2008-08-27,3.07
2008-08-26,3.07
2008-08-25,3.07
2008-08-22,3.07
2008-08-21,3.07
2008-08-20,3.07
2008-08-19,3.07
2008-08-15,3.07
2008-08-14,3.08
2008-08-13,3.08
2008-08-12,3.08
2008-08-11,3.07
2008-08-08,3.08
2008-08-07,3.07
2008-08-06,3.06
2008-08-05,3.06
2008-08-04,3.06
2008-08-01,3.06
2008-07-31,3.07
2008-07-30,3.06
2008-07-29,3.07
2008-07-28,3.07
2008-07-25,3.07
2008-07-24,3.07
2008-07-23,3.06
2008-07-22,3.07
2008-07-21,3.08
2008-07-18,3.08
2008-07-17,3.08
2008-07-16,3.09
2008-07-15,3.07
2008-07-14,3.08
2008-07-11,3.08
2008-07-10,3.07
2008-07-08,3.06
2008-07-07,3.05
2008-07-04,3.05
2008-07-03,3.07
2008-07-02,3.06
2008-07-01,3.05
2008-06-30,3.06
2008-06-27,3.09
2008-06-26,3.09
2008-06-25,3.08
2008-06-24,3.06
2008-06-23,3.08
2008-06-20,3.1
2008-06-19,3.11
2008-06-18,3.12
2008-06-17,3.13
2008-06-16,3.12
2008-06-13,3.12
2008-06-12,3.13
2008-06-11,3.13
2008-06-10,3.14
2008-06-09,3.15
2008-06-06,3.16
2008-06-05,3.15
2008-06-04,3.16
2008-06-03,3.15
2008-06-02,3.16
2008-05-30,3.18
2008-05-29,3.2
2008-05-28,3.2
2008-05-27,3.21
2008-05-26,3.22
2008-05-23,3.23
2008-05-22,3.22
2008-05-21,3.21
2008-05-20,3.21
2008-05-19,3.22
2008-05-16,3.24
2008-05-15,3.26
2008-05-14,3.26
2008-05-13,3.27
2008-05-12,3.28
2008-05-09,3.27
2008-05-08,3.26
2008-05-07,3.25
2008-05-06,3.23
2008-05-05,3.23
2008-05-02,3.23
2008-04-30,3.23
2008-04-29,3.23
2008-04-28,3.23
2008-04-25,3.25
2008-04-24,3.25
2008-04-23,3.25
2008-04-22,3.23
2008-04-21,3.22
2008-04-18,3.21
2008-04-17,3.23
2008-04-16,3.2
2008-04-15,3.19
2008-04-14,3.18
2008-04-11,3.19
2008-04-10,3.2
2008-04-09,3.19
2008-04-08,3.18
2008-04-07,3.18
2008-04-04,3.19
2008-04-03,3.19
2008-04-02,3.19
2008-04-01,3.19
2008-03-31,3.19
2008-03-28,3.19
2008-03-27,3.2
2008-03-26,3.19
2008-03-25,3.18
2008-03-24,3.18
2008-03-19,3.18
2008-03-18,3.19
2008-03-17,3.19
2008-03-14,3.19
2008-03-13,3.18
2008-03-12,3.17
2008-03-11,3.17
2008-03-10,3.17
2008-03-07,3.17
2008-03-06,3.18
2008-03-05,3.18
2008-03-04,3.17
2008-03-03,3.18
2008-02-29,3.19
2008-02-28,3.19
2008-02-27,3.19
2008-02-26,3.18
2008-02-25,3.18
2008-02-22,3.18
2008-02-21,3.18
2008-02-20,3.18
2008-02-19,3.18
2008-02-18,3.18
2008-02-15,3.18
2008-02-14,3.18
2008-02-13,3.18
2008-02-12,3.17
2008-02-11,3.17
2008-02-08,3.17
2008-02-07,3.18
2008-02-06,3.18
2008-02-05,3.17
2008-02-04,3.17
2008-02-01,3.17
2008-01-31,3.17
2008-01-30,3.17
2008-01-29,3.18
2008-01-28,3.19
2008-01-25,3.18
2008-01-24,3.19
2008-01-23,3.19
2008-01-22,3.19
2008-01-21,3.19
2008-01-18,3.18
2008-01-17,3.18
2008-01-16,3.17
2008-01-15,3.17
2008-01-14,3.18
2008-01-11,3.17
2008-01-10,3.17
2008-01-09,3.17
2008-01-08,3.18
2008-01-07,3.18
2008-01-04,3.17
2008-01-03,3.17
2008-01-02,3.17
2007-12-28,3.17
2007-12-27,3.17
2007-12-26,3.17
2007-12-24,3.16
2007-12-21,3.16
2007-12-20,3.16
2007-12-19,3.16
2007-12-18,3.16
2007-12-17,3.17
2007-12-14,3.17
2007-12-13,3.17
2007-12-12,3.15
2007-12-11,3.15
2007-12-10,3.15
2007-12-07,3.15
2007-12-06,3.16
2007-12-05,3.16
2007-12-04,3.16
2007-12-03,3.15
2007-11-30,3.16
2007-11-29,3.16
2007-11-28,3.17
2007-11-27,3.17
2007-11-26,3.17
2007-11-23,3.17
2007-11-22,3.17
2007-11-21,3.16
2007-11-20,3.16
2007-11-19,3.15
2007-11-16,3.16
2007-11-15,3.16
2007-11-14,3.16
2007-11-13,3.16
2007-11-12,3.16
2007-11-09,3.17
2007-11-08,3.16
2007-11-07,3.16
2007-11-05,3.17
2007-11-02,3.17
2007-11-01,3.19
2007-10-31,3.19
2007-10-30,3.19
2007-10-29,3.2
2007-10-26,3.22
2007-10-25,3.23
2007-10-24,3.23
2007-10-23,3.22
2007-10-22,3.21
2007-10-19,3.21
2007-10-18,3.23
2007-10-17,3.21
2007-10-16,3.2
2007-10-15,3.21
2007-10-12,3.21
2007-10-11,3.2
2007-10-10,3.2
2007-10-09,3.2
2007-10-08,3.19
2007-10-05,3.19
2007-10-04,3.2
2007-10-03,3.2
2007-10-02,3.19
2007-10-01,3.19
2007-09-28,3.2
2007-09-27,3.2
2007-09-26,3.2
2007-09-25,3.2
2007-09-24,3.19
2007-09-21,3.19
2007-09-20,3.2
2007-09-19,3.2
2007-09-18,3.2
2007-09-17,3.19
2007-09-14,3.2
2007-09-13,3.21
2007-09-12,3.21
2007-09-11,3.21
2007-09-10,3.21
2007-09-07,3.22
2007-09-06,3.22
2007-09-05,3.22
2007-09-04,3.22
2007-09-03,3.22
2007-08-31,3.22
2007-08-30,3.23
2007-08-29,3.24
2007-08-28,3.23
2007-08-27,3.23
2007-08-24,3.23
2007-08-23,3.23
2007-08-22,3.21
2007-08-21,3.2
2007-08-17,3.21
2007-08-16,3.22
2007-08-15,3.21
2007-08-14,3.2
2007-08-13,3.19
2007-08-10,3.2
2007-08-09,3.2
2007-08-08,3.18
2007-08-07,3.19
2007-08-06,3.19
2007-08-03,3.19
2007-08-02,3.18
2007-08-01,3.18
2007-07-31,3.17
2007-07-30,3.18
2007-07-27,3.18
2007-07-26,3.18
2007-07-25,3.21
2007-07-24,3.18
2007-07-23,3.15
2007-07-20,3.15
2007-07-19,3.14
2007-07-18,3.14
2007-07-17,3.14
2007-07-16,3.13
2007-07-13,3.12
2007-07-12,3.12
2007-07-11,3.12
2007-07-10,3.12
2007-07-09,3.12
2007-07-06,3.12
2007-07-05,3.12
2007-07-04,3.11
2007-07-03,3.1
2007-07-02,3.1
2007-06-29,3.11
2007-06-28,3.11
2007-06-27,3.12
2007-06-26,3.11
2007-06-25,3.1
2007-06-22,3.1
2007-06-21,3.1
2007-06-20,3.1
2007-06-19,3.1
2007-06-15,3.1
2007-06-14,3.1
2007-06-13,3.1
2007-06-12,3.1
2007-06-11,3.1
2007-06-08,3.1
2007-06-07,3.1
2007-06-06,3.1
2007-06-05,3.1
2007-06-04,3.11
2007-06-01,3.11
2007-05-31,3.11
2007-05-30,3.11
2007-05-29,3.11
2007-05-28,3.11
2007-05-25,3.11
2007-05-24,3.11
2007-05-23,3.11
2007-05-22,3.11
2007-05-21,3.12
2007-05-18,3.12
2007-05-17,3.12
2007-05-16,3.12
2007-05-15,3.12
2007-05-14,3.12
2007-05-11,3.12
2007-05-10,3.12
2007-05-09,3.12
2007-05-08,3.12
2007-05-07,3.11
2007-05-04,3.12
2007-05-03,3.12
2007-05-02,3.12
2007-04-30,3.12
2007-04-27,3.12
2007-04-26,3.12
2007-04-25,3.12
2007-04-24,3.12
2007-04-23,3.12
2007-04-20,3.13
2007-04-19,3.13
2007-04-18,3.12
2007-04-17,3.12
2007-04-16,3.13
2007-04-13,3.12
2007-04-12,3.12
2007-04-11,3.12
2007-04-10,3.12
2007-04-09,3.11
2007-04-05,3.11
2007-04-04,3.11
2007-04-03,3.11
2007-03-30,3.12
2007-03-29,3.13
2007-03-28,3.14
2007-03-27,3.13
2007-03-26,3.12
2007-03-23,3.12
2007-03-22,3.12
2007-03-21,3.12
2007-03-20,3.12
2007-03-19,3.12
2007-03-16,3.12
2007-03-15,3.13
2007-03-14,3.12
2007-03-13,3.12
2007-03-12,3.12
2007-03-09,3.13
2007-03-08,3.12
2007-03-07,3.12
2007-03-06,3.12
2007-03-05,3.11
2007-03-02,3.11
2007-03-01,3.11
2007-02-28,3.11
2007-02-27,3.12
2007-02-26,3.12
2007-02-23,3.12
2007-02-22,3.12
2007-02-21,3.13
2007-02-20,3.12
2007-02-19,3.12
2007-02-16,3.11
2007-02-15,3.12
2007-02-14,3.11
2007-02-13,3.11
2007-02-12,3.11
2007-02-09,3.11
2007-02-08,3.12
2007-02-07,3.12
2007-02-06,3.12
2007-02-05,3.13
2007-02-02,3.12
2007-02-01,3.12
2007-01-31,3.12
2007-01-30,3.12
2007-01-29,3.12
2007-01-26,3.13
2007-01-25,3.12
2007-01-24,3.12
2007-01-23,3.11
2007-01-22,3.11
2007-01-19,3.11
2007-01-18,3.11
2007-01-17,3.11
2007-01-16,3.11
2007-01-15,3.11
2007-01-12,3.1
2007-01-11,3.1
2007-01-10,3.1
2007-01-09,3.1
2007-01-08,3.1
2007-01-05,3.1
2007-01-04,3.1
2007-01-03,3.09
2007-01-02,3.09
